old	name
006410010A0	006410010A0-0000
022906032CS	022906032CS-0006
022906032CT	022906032CT-0003
066906032E	066906032E-0005
06A906032AR	06A906032AR-0005
06A906032CL	06A906032CL-V003
06A906032DR	06A906032DR-0002
06A906032HF	06A906032HF-0006
06A906032HJ	06A906032HJ-0002
06A906032HN-0001	06A906032HN-0001
06A906032HN-0002	06A906032HN-0002
06A906032HS	06A906032HS-0008
06A906032LQ	06A906032LQ-0007
06A906032MJ	06A906032MJ-0003
06A906032NL	06A906032NL-0003
06A906032S	06A906032S-0004
06A906032T	06A906032T-0003
06A906032TL	06A906032TL-0040
4B0906018	4B0906018-0004
4B0906018AR	4B0906018AR-0006
4B0906018CG	4B0906018CG-0002
4B0906018CH	4B0906018CH-0001
4B0906018CM	4B0906018CM-0008
4B0906018DA	4B0906018DA-0006
4B0906018DC	4B0906018DC-0001
4B0906018DH	4B0906018DH-0004
4B0906018DQ-0010	4B0906018DQ-0010
4B0906018DQ-0060	4B0906018DQ-0060
4B0906018Q	4B0906018Q-0008
4B0906018R	4B0906018R-0003
4B0907551AA	4B0907551AA-0001
4B0907551AH	4B0907551AH-0002
4B0907551AL	4B0907551AL-0001
4B0907551D	4B0907551D-0002
4B0907551E	4B0907551E-0002
4B0907551F	4B0907551F-0001
4B0907551G	4B0907551G-0002
4B0907551K-0003	4B0907551K-0003
4B0907551K-0005	4B0907551K-0005
4B0907551L	4B0907551L-0004
4B0907551M	4B0907551M-0002
4B0907551R	4B0907551R-0001
4B0907551S	4B0907551S-0001
4B0907551T	4B0907551T-0001
4D0907558S	4D0907558S-0006
4D0907559D	4D0907559D-0002
4D1907558-0002	4D1907558-0002
4D1907558-0004	4D1907558-0004
4D1907558	4D1907558-0004
4D1907558B	4D1907558B-0002
4D1907558C	4D1907558C-0001
4D1907558D	4D1907558D-0003
4D1907558F	4D1907558F-0001
4E0910559E	4E0910559E-0040
4Z7907551	4Z7907551-0002
4Z7907551AA	4Z7907551AA-0010
4Z7907551B	4Z7907551B-0002
4Z7907551C	4Z7907551C-0003
4Z7907551D	4Z7907551D-0001
4Z7907551E	4Z7907551E-0002
4Z7907551H	4Z7907551H-0002
4Z7907551K-0001	4Z7907551K-0001
4Z7907551K-0002	4Z7907551K-0002
4Z7907551L	4Z7907551L-0001
4Z7907551M	4Z7907551M-0001
4Z7907551N	4Z7907551N-0003
4Z7907551Q	4Z7907551Q-0005
4Z7907551R	4Z7907551R-0003
4Z7907551S	4Z7907551S-0020
4Z7907551T	4Z7907551T-0010
8D0907551A-0002	8D0907551A-0002
8D0907551A-0003	8D0907551A-0003
8D0907551AA	8D0907551AA-4000
8D0907551B	8D0907551B-0003
8D0907551C	8D0907551C-0002
8D0907551D-0001	8D0907551D-0001
8D0907551D-0002	8D0907551D-0002
8D0907551E	8D0907551E-0002
8D0907551F	8D0907551F-0001
8D0907551G-0001	8D0907551G-0001
8D0907551G-0002	8D0907551G-0002
8D0907551H	8D0907551H-0003
8D0907551J	8D0907551J-0003
8D0907551K	8D0907551K-0001
8D0907551L	8D0907551L-0001
8D0907551M-0001	8D0907551M-0001
8D0907551M-0002	8D0907551M-0002
8D0907551N	8D0907551N-0001
8D0907551Q	8D0907551Q-0001
8D0907551T	8D0907551T-0003
8E0906018B	8E0906018B-0004
8E0909518AA-0004	8E0909518AA-0004
8E0909518AK-0003	8E0909518AK-0003
8E0909518AK-0004	8E0909518AK-0004
8N0906018CB	8N0906018CB-0003
8N0906018CJ	8N0906018CJ-0001
8N0906018Q	8N0906018Q-0004
